{
   "Homogeneous" : [
      [
         -0.13295438498181095,
         0.95362098745602086,
         -0.27005581607792145,
         2.8969691910828117
      ],
      [
         -0.32381140487435767,
         -0.29931669209963474,
         -0.89752754381346267,
         -3.2812949234910067
      ],
      [
         -0.93673331615108224,
         -0.031883069393271346,
         0.34858881837870337,
         5.8027157714030633
      ]
   ],
   "rpy" : [ 68.774433506434079, -15.667588259074092, -97.937047300580502 ],
   "translation" : [ 2.8969691910828117, -3.2812949234910067, 5.8027157714030633 ]
}
