{
   "Homogeneous" : [
      [
         0.0058582981676141843,
         -0.99960478377832507,
         0.02749466475640655,
         0.37711795567604472
      ],
      [
         0.0046606653985339919,
         -0.027467544225000307,
         -0.99961183076846893,
         -0.098969783565052982
      ],
      [
         0.99997197887771927,
         0.005984167589191125,
         0.0044979103639622986,
         -0.47126507381042271
      ]
   ],
   "rpy" : [ 89.74219038502153, 1.5755267971805644, 89.66421537515707 ],
   "translation" : [ 0.37711795567604472, -0.098969783565052982, -0.47126507381042271 ]
}
