{
   "Homogeneous" : [
      [
         0.75914180811342868,
         0.48267344690420605,
         -0.43672652636162002,
         -2.1372848034121819
      ],
      [
         -0.20966929833166553,
         0.8164941413511142,
         0.53793689451125559,
         0.38000399970922072
      ],
      [
         0.61623250523757767,
         -0.31680224240513088,
         0.72103664171503756,
         0.032567308773992172
      ]
   ],
   "rpy" : [ 143.27483764468923, -154.10479358616251, 147.5512034931501 ],
   "translation" : [ -2.1372848034121819, 0.38000399970922072, 0.032567308773992172 ]
}
